<?xml version="1.0" encoding="UTF-8"?>
<!DOCTYPE mapper
   PUBLIC "-//mybatis.org//DTD Mapper 3.0//EN"
   "http://mybatis.org/dtd/mybatis-3-mapper.dtd">

<mapper namespace="com.mybatis.mapper.CustomerMapper">

<!--7. myBatis가 이용하는 query문장이 들어 있는 파일
java Mapper에 의해 이용됨.
java Mapper - xml Mapper  - myBatis   
java Mapper안에 있는 메소드 이름과 xml Mapper 안의 query id가 일치해야 함.
-->

<!-- 리절트 맵 정의. primary key 컬럼은 id 태그로 표시해줌 -->
   <resultMap id="CustomerResult"  type="Customer">
   		<id column="num" property="num"/>
   		<result column="name" property="name"/>
   		<result column="address" property="address"/>
   </resultMap>  
 
  <select id="selectAll" resultType="Customer">
  	select * from customer order by num    	
  </select>      
  
  <select id="selectOne" resultType="Customer" parameterType="String">
  	select * from customer where num = #{num}
  </select>
  
  <insert id="insert" parameterType="Customer">
    insert into customer values (#{num}, #{name}, #{address})
  </insert>

  <delete id="delete" parameterType="String">
    delete from customer where num = #{num}
  </delete>
  
  <update id="update" parameterType="Customer">
  update customer set address = #{address} where num = #{num}
  </update>
  
   <select id="findByAddress" resultType="Customer" parameterType="String">
  	select * from customer where address= #{address}    	
  </select>
    
   <select id="search" resultType="Customer" parameterType="Map">
   	select * from customer where ${condition} like CONCAT('%',#{value},'%')
   	
   </select>
    
</mapper>








