<?xml version="1.0" encoding="UTF-8"?>
<beans xmlns="http://www.springframework.org/schema/beans"
	xmlns:xsi="http://www.w3.org/2001/XMLSchema-instance"
	xsi:schemaLocation="http://www.springframework.org/schema/beans http://www.springframework.org/schema/beans/spring-beans.xsd">
<!-- BasicDataSource: connection pool -->
<bean id="ds" class="org.apache.commons.dbcp.BasicDataSource">
	<property name="driverClassName">
		<value>com.mysql.cj.jdbc.Driver</value>
	</property>
	
	<property name="url">
		<value>jdbc:mysql://127.0.0.1:3306/harry?serverTimezone=UTC</value>
	</property>
	
	<property name="username">
		<value>ssafy</value>
	</property>
	
	<property name="password">
		<value>ssafy</value>
	</property>
	
</bean>

</beans>
