<?xml version="1.0" encoding="UTF-8"?>
<beans xmlns="http://www.springframework.org/schema/beans"
	xmlns:xsi="http://www.w3.org/2001/XMLSchema-instance"
	xmlns:context="http://www.springframework.org/schema/context"
	xmlns:tx="http://www.springframework.org/schema/tx"
	xsi:schemaLocation="http://www.springframework.org/schema/beans http://www.springframework.org/schema/beans/spring-beans.xsd
		http://www.springframework.org/schema/context http://www.springframework.org/schema/context/spring-context-4.0.xsd
		http://www.springframework.org/schema/tx http://www.springframework.org/schema/tx/spring-tx-3.1.xsd">
	
	<!-- Root Context: defines shared resources visible to all other web components -->
	<import resource="db.xml"/>
	<!-- spring 설정파일 : service, dao-->
	 
	<context:component-scan base-package="com.mybatis.service"/>
	<context:component-scan base-package="com.mybatis.dao"/>

	<!-- mybatis가 db작업할 객체 생성(SqlSession)  -->
	<bean id="sqlSessionFactory" class="org.mybatis.spring.SqlSessionFactoryBean">
		<property name="dataSource" ref="ds"/>
		<property name="typeAliasesPackage" value="com.mybatis.vo"/>
	</bean>

	<!-- mapper file을 찾아서 proxy 객체를 생성한 후 DAO에 주입시킴 -->
	<bean id="config" class="org.mybatis.spring.mapper.MapperScannerConfigurer">
		<property name="basePackage" value="com.mybatis.mapper"/>
	</bean>


	<!-- tx manager DataSourceTransactionManager: jdbc 직접 사용,mybatis-->
	<bean id="transactionManager" 
		class="org.springframework.jdbc.datasource.DataSourceTransactionManager">
	  <property name="dataSource" ref="ds" />
	</bean>

	<!-- source code에서 tx처리 요청했을 때 tx처리 기능 활성화 -->
	<tx:annotation-driven  transaction-manager="transactionManager"/>	
</beans>
 