<?xml version="1.0" encoding="UTF-8"?>
<beans xmlns="http://www.springframework.org/schema/beans"
	xmlns:xsi="http://www.w3.org/2001/XMLSchema-instance"
	xsi:schemaLocation="http://www.springframework.org/schema/beans http://www.springframework.org/schema/beans/spring-beans.xsd">


<bean id="lion" class="com.animal.di.Lion">
	<constructor-arg name="age" value="5"></constructor-arg>
	<property name="name" value="심바"></property>
</bean>

<bean id="tiger" class="com.animal.di.Tiger">
	<constructor-arg name="age" value="3"></constructor-arg>
	<property name="name" value="타 이거"></property>
</bean>


<bean id="londonzoo" class="com.animal.di.LondonZoo">
	<constructor-arg name="lion" ref="lion"></constructor-arg>
	<property name="tiger" ref="tiger"></property>
</bean>


<bean id="lion2" class="com.animal.di.Lion">
	<constructor-arg name="age" value="1"></constructor-arg>
	<property name="name" value="심바 주니어"></property>
</bean>

<bean id="seoulzoo" class="com.animal.di.SeoulZoo">
	<constructor-arg name="lion" ref="lion2"></constructor-arg>
	<property name="tiger">
		<bean class="com.animal.di.Tiger">
			<constructor-arg name="age" value="2"></constructor-arg>
			<property name="name" value="타 저거"></property>
		</bean>
	</property>
</bean>




</beans>
