﻿<?xml version="1.0" encoding="UTF-8"?>
<!DOCTYPE mapper
   PUBLIC "-//mybatis.org//DTD Mapper 3.0//EN"
   "http://mybatis.org/dtd/mybatis-3-mapper.dtd">

<mapper namespace="com.mybatis.mapper.BoardMapper">

<!-- 리절트 맵 정의. primary key 컬럼은 id 태그로 표시해줌 -->
  <resultMap type="Board" id="BoardResult">
  		<id property="num" column="num"/>
	   	<result property="pass" column="pass"/>
	   	<result property="name" column="name"/>
	   	<result property="wdate" column="wdate"/>
	   	<result property="title" column="title"/>
	   	<result property="content" column="content"/>	
	   	<result property="count" column="count"/>
  </resultMap>

  <select id="selectAll" resultMap="BoardResult">
  	select * from board order by num  
  </select>
  
   <select id="selectOne" resultMap="BoardResult" parameterType="String">
  	select * from board where num = #{num}
  </select>
  
  <insert id="insert" parameterType="Board">
  	insert into board(pass,name,wdate,title,content,count) values(#{pass},#{name},sysdate(),
  	#{title}, #{content}, 0)
  </insert>
  
  <delete id="delete" parameterType="String">
  	delete from board where num = #{num}
  </delete>
  
  <update id="update" parameterType="Board">
  update board set title = #{title} where num = #{num}
  </update>
  
 <select id="findByTitle" parameterType="String" resultMap="BoardResult">
 	select * from board where title like #{title}
 </select>
  
   <select id="findByName" parameterType="String" resultMap="BoardResult">
 	select * from board where name like concat('%', #{name}, '%')
 </select>
 
 <update id="countUp" parameterType="String">
 	update Board set count = count + 1 where num = #{num}
 </update>  
  
  

</mapper>