<?xml version="1.0" encoding="UTF-8"?>
<!DOCTYPE mapper
   PUBLIC "-//mybatis.org//DTD Mapper 3.0//EN"
   "http://mybatis.org/dtd/mybatis-3-mapper.dtd">

<mapper namespace="com.mybatis.mapper.TodoMapper">

<!--7. myBatis가 이용하는 query문장이 들어 있는 파일
java Mapper에 의해 이용됨.
java Mapper - xml Mapper  - myBatis   
java Mapper안에 있는 메소드 이름과 xml Mapper 안의 query id가 일치해야 함.
-->

 
  <select id="allList" resultType="Todo">
  	select * from todolist order by num    	
  </select>      
  
  <select id="find" resultType="Todo" >
  	<if test="id!=null">
  		<!-- select * from todolist -->
		select * from todolist where id = #{id}
  	
  	</if>
  
  	<if test="num!=null">
  		select * from todolist where num = #{num}

  	</if>  	
  	
  	
  </select>
  
  <insert id="add" >
    insert into todolist(todo,id,wdate,edate,done) values (#{todo},#{id},curdate(),adddate(curdate(),interval 7 day),'N')

  </insert>

  <delete id="delete" >
  	<if test="id!=null">
  		delete from todolist where id = #{id}
  	
  	</if>
  	
  	<if test="num!=null">
  		delete from todolist where num = #{num}

  	</if>  	
  
  
    
    
  </delete>
  
  <update id="modify" >
  update todolist set todo = #{todo} where num = #{num}
  </update>
  
  <update id="complete" >
  update todolist set done = 'Y' where num = #{num}
  </update>
    
   
    
</mapper>








